Model,Accuracy,Precision,Recall,F1-Score
Gradient Boosting,0.699601593625498,0.6783181070888604,0.699601593625498,0.6795296287754561
Random Forest,0.5673306772908366,0.5455598301303581,0.5673306772908366,0.5525943940844927
SVM,0.5856573705179283,0.5474408695730306,0.5856573705179283,0.5435924525623811
Logistic Regression,0.5561752988047809,0.5218418397826013,0.5561752988047809,0.5201876430456862
KNN,0.39681274900398406,0.37640310954532974,0.39681274900398406,0.3845151164778431
